-- phpMyAdmin SQL Dump
-- version 4.4.15.7
-- http://www.phpmyadmin.net
--
-- Хост: 127.0.0.1:3306
-- Время создания: Ноя 07 2016 г., 00:19
-- Версия сервера: 5.5.50
-- Версия PHP: 7.0.8

SET SQL_MODE = "NO_AUTO_VALUE_ON_ZERO";
SET time_zone = "+00:00";


/*!40101 SET @OLD_CHARACTER_SET_CLIENT=@@CHARACTER_SET_CLIENT */;
/*!40101 SET @OLD_CHARACTER_SET_RESULTS=@@CHARACTER_SET_RESULTS */;
/*!40101 SET @OLD_COLLATION_CONNECTION=@@COLLATION_CONNECTION */;
/*!40101 SET NAMES utf8mb4 */;

--
-- База данных: `mvc_group_1009`
--
CREATE DATABASE IF NOT EXISTS `mvc_group_1009` DEFAULT CHARACTER SET utf8 COLLATE utf8_general_ci;
USE `mvc_group_1009`;

-- --------------------------------------------------------

--
-- Структура таблицы `author`
--
-- Создание: Ноя 06 2016 г., 15:04
--

DROP TABLE IF EXISTS `author`;
CREATE TABLE IF NOT EXISTS `author` (
  `id` int(10) unsigned NOT NULL,
  `first_name` varchar(30) NOT NULL,
  `last_name` varchar(30) NOT NULL,
  `date_birth` date NOT NULL,
  `date_death` date DEFAULT NULL
) ENGINE=InnoDB AUTO_INCREMENT=101 DEFAULT CHARSET=utf8;

--
-- Дамп данных таблицы `author`
--

INSERT INTO `author` (`id`, `first_name`, `last_name`, `date_birth`, `date_death`) VALUES
(1, 'Helen', 'Snyder', '1964-11-04', '2015-03-03'),
(2, 'Randy', 'Lane', '1953-11-04', '2009-05-29'),
(3, 'Richard', 'Parker', '1962-09-04', NULL),
(4, 'Brenda', 'Roberts', '1989-09-21', '2013-03-15'),
(5, 'Carol', 'Stanley', '1994-02-23', '2001-02-16'),
(6, 'Amy', 'Montgomery', '1962-06-28', '1998-09-26'),
(7, 'Justin', 'Sullivan', '1974-08-18', '2001-04-30'),
(8, 'Marilyn', 'Jones', '1993-10-17', NULL),
(9, 'Rebecca', 'Arnold', '1980-11-18', '2012-01-10'),
(10, 'Bruce', 'Snyder', '1976-08-23', '1999-02-06'),
(11, 'Juan', 'Banks', '1968-06-13', '2016-07-21'),
(12, 'Bobby', 'Cook', '1934-11-07', '2007-11-19'),
(13, 'Irene', 'Martin', '1984-08-13', '2002-10-10'),
(14, 'Daniel', 'Daniels', '1962-08-25', NULL),
(15, 'Nicole', 'Thompson', '1950-11-19', '2010-03-07'),
(16, 'Patrick', 'Gibson', '1934-12-21', NULL),
(17, 'Juan', 'Kelly', '1934-09-05', '2006-07-28'),
(18, 'Jack', 'Harvey', '1946-07-10', '2015-09-19'),
(19, 'Anna', 'Lopez', '1987-07-21', '2003-06-22'),
(20, 'Ruby', 'Kelly', '1970-05-18', '2000-11-08'),
(21, 'Denise', 'Ruiz', '1941-08-04', '2008-12-08'),
(22, 'Sharon', 'Nguyen', '1947-12-03', '2008-06-09'),
(23, 'Virginia', 'Martin', '1969-03-18', NULL),
(24, 'Jonathan', 'Gilbert', '1938-04-24', NULL),
(25, 'Alan', 'Richards', '1986-05-16', '2016-03-29'),
(26, 'Denise', 'Lopez', '1935-12-27', NULL),
(27, 'Frank', 'Vasquez', '1951-02-14', NULL),
(28, 'Theresa', 'Oliver', '1972-05-28', '2001-09-02'),
(29, 'Steven', 'Mcdonald', '1970-06-01', NULL),
(30, 'Doris', 'Baker', '1941-10-03', NULL),
(31, 'Ann', 'Bell', '1942-01-29', '2008-12-10'),
(32, 'Jacqueline', 'Williams', '1935-03-29', '2014-04-15'),
(33, 'Mary', 'Hart', '1993-06-06', '2004-04-24'),
(34, 'Arthur', 'Ramirez', '1995-03-21', '1998-10-18'),
(35, 'George', 'Hansen', '1969-10-29', '2013-05-23'),
(36, 'Maria', 'Roberts', '1937-08-18', '1999-03-22'),
(37, 'Raymond', 'Payne', '1986-02-21', '1998-07-14'),
(38, 'Alan', 'Watkins', '1960-04-21', NULL),
(39, 'Johnny', 'Tucker', '1962-06-02', '2010-08-17'),
(40, 'Andrew', 'Perry', '1950-11-04', '2002-06-08'),
(41, 'Joyce', 'Jacobs', '1944-07-08', NULL),
(42, 'Lori', 'Williams', '1961-03-06', '1999-11-12'),
(43, 'Randy', 'Butler', '1965-10-26', NULL),
(44, 'Kevin', 'Peterson', '1947-05-16', '1999-05-22'),
(45, 'Louis', 'Palmer', '1961-07-15', NULL),
(46, 'Anne', 'Cole', '1980-05-22', NULL),
(47, 'Howard', 'Fernandez', '1949-09-28', '2007-04-28'),
(48, 'Katherine', 'Thompson', '1938-05-09', NULL),
(49, 'Martin', 'Hunter', '1950-09-21', '2006-10-15'),
(50, 'Nicholas', 'Nelson', '1940-03-29', '2006-07-08'),
(51, 'Sandra', 'Crawford', '1979-09-25', NULL),
(52, 'Sean', 'Harvey', '1956-04-05', '2007-06-07'),
(53, 'Jack', 'Franklin', '1975-09-02', '2004-05-08'),
(54, 'Walter', 'Warren', '1939-12-21', '2016-04-01'),
(55, 'Kenneth', 'Tucker', '1956-03-26', NULL),
(56, 'Bruce', 'Foster', '1957-04-08', '2003-09-10'),
(57, 'Ruth', 'Hamilton', '1969-11-21', '2015-08-02'),
(58, 'Kathleen', 'Fox', '1967-12-26', '2011-09-27'),
(59, 'Scott', 'Lee', '1980-06-03', '2004-02-13'),
(60, 'Alice', 'Fowler', '1958-07-31', NULL),
(61, 'George', 'Scott', '1995-06-03', '2007-04-04'),
(62, 'Linda', 'Kelly', '1964-01-31', NULL),
(63, 'Christopher', 'Murphy', '1983-01-16', '2009-06-10'),
(64, 'Evelyn', 'Murray', '1959-10-19', '2006-12-26'),
(65, 'Clarence', 'Gardner', '1995-05-28', '2008-05-01'),
(66, 'Andrew', 'Gilbert', '1967-06-30', NULL),
(67, 'Carl', 'Jackson', '1994-01-24', '2010-11-05'),
(68, 'Christina', 'Peters', '1944-07-20', NULL),
(69, 'Gloria', 'Flores', '1984-04-30', '2001-01-16'),
(70, 'Carol', 'Grant', '1932-12-23', '2014-10-17'),
(71, 'Steve', 'Stewart', '1935-12-08', '2005-01-11'),
(72, 'Robert', 'Mills', '1970-10-04', '2012-01-23'),
(73, 'Diane', 'Bailey', '1931-10-19', '2011-07-07'),
(74, 'Joyce', 'Rodriguez', '1937-09-26', '1997-11-18'),
(75, 'Jeffrey', 'Jackson', '1942-07-09', '1998-03-25'),
(76, 'Jacqueline', 'Garcia', '1992-06-24', '2008-10-15'),
(77, 'Julie', 'Owens', '1992-07-19', '2008-04-26'),
(78, 'Ernest', 'Ramos', '1967-04-19', '2009-11-30'),
(79, 'Juan', 'Robertson', '1993-01-05', '2001-03-04'),
(80, 'Lois', 'Robinson', '1939-05-19', '2003-05-18'),
(81, 'Sean', 'Thomas', '1941-12-31', '2007-09-03'),
(82, 'Philip', 'Ward', '1980-01-15', '2016-03-10'),
(83, 'Amy', 'Brown', '1980-12-31', NULL),
(84, 'Samuel', 'Andrews', '1933-07-10', NULL),
(85, 'Aaron', 'Reid', '1935-12-05', '2008-07-07'),
(86, 'Mary', 'Scott', '1969-04-29', '2013-11-09'),
(87, 'Ruby', 'Robinson', '1987-01-29', NULL),
(88, 'Benjamin', 'Johnson', '1944-06-05', '2011-12-16'),
(89, 'Henry', 'Elliott', '1979-03-19', NULL),
(90, 'Ronald', 'Cunningham', '1987-04-19', '2010-06-01'),
(91, 'Jacqueline', 'Wright', '1970-06-13', '2004-06-25'),
(92, 'Christina', 'Bell', '1933-01-10', '2016-03-21'),
(93, 'Chris', 'James', '1950-02-26', '2006-12-08'),
(94, 'Kimberly', 'Kennedy', '1962-11-07', '2013-09-12'),
(95, 'Martin', 'Elliott', '1943-08-14', NULL),
(96, 'Jesse', 'Gray', '1993-03-29', '2014-06-29'),
(97, 'Jean', 'Willis', '1932-01-06', '2009-11-03'),
(98, 'Anne', 'Anderson', '1971-09-09', '2013-06-15'),
(99, 'Philip', 'Cooper', '1934-09-26', NULL),
(100, 'Martha', 'Mills', '1991-12-01', NULL);

-- --------------------------------------------------------

--
-- Структура таблицы `book`
--
-- Создание: Ноя 06 2016 г., 14:45
--

DROP TABLE IF EXISTS `book`;
CREATE TABLE IF NOT EXISTS `book` (
  `id` int(10) unsigned NOT NULL,
  `title` varchar(100) NOT NULL,
  `description` text,
  `price` decimal(10,0) unsigned NOT NULL,
  `is_active` tinyint(3) unsigned NOT NULL DEFAULT '1',
  `style_id` tinyint(3) unsigned DEFAULT NULL
) ENGINE=InnoDB AUTO_INCREMENT=301 DEFAULT CHARSET=utf8;

--
-- Дамп данных таблицы `book`
--

INSERT INTO `book` (`id`, `title`, `description`, `price`, `is_active`, `style_id`) VALUES
(1, 'sagittis nam congue risus semper', 'justo etiam pretium iaculis justo in hac habitasse platea dictumst etiam faucibus cursus urna ut tellus nulla ut', '7950', 0, 7),
(2, 'sociis natoque penatibus et magnis', 'in hac habitasse platea dictumst etiam faucibus cursus urna ut tellus nulla ut erat id mauris vulputate elementum nullam varius nulla facilisi cras non velit nec nisi vulputate nonummy maecenas tincidunt lacus at velit vivamus vel nulla eget eros elementum pellentesque quisque porta volutpat erat quisque erat eros', '6767', 0, 4),
(3, 'diam cras', 'arcu sed augue aliquam erat volutpat in congue etiam justo etiam pretium iaculis justo in hac habitasse platea dictumst etiam faucibus cursus urna ut tellus nulla ut erat id mauris vulputate elementum nullam varius nulla', '7902', 0, 9),
(4, 'mollis molestie lorem', 'nullam varius nulla facilisi cras non velit nec nisi vulputate', '5305', 0, 8),
(5, 'in tempus sit', 'libero convallis eget eleifend luctus ultricies eu nibh quisque id justo sit amet sapien dignissim vestibulum vestibulum ante ipsum primis in faucibus orci luctus et ultrices posuere cubilia curae nulla dapibus dolor vel est donec odio justo sollicitudin ut suscipit a feugiat et eros vestibulum ac', '8021', 1, 7),
(6, 'eu orci mauris', NULL, '1974', 0, 9),
(7, 'ac est', 'magnis dis parturient montes nascetur ridiculus mus vivamus vestibulum sagittis sapien cum sociis natoque penatibus et magnis dis parturient montes nascetur ridiculus mus etiam vel augue vestibulum rutrum rutrum neque aenean auctor gravida sem praesent id massa', '7089', 1, 8),
(8, 'ut blandit non interdum', NULL, '1495', 0, 6),
(9, 'viverra diam vitae quam', 'ipsum dolor sit amet consectetuer adipiscing elit proin interdum mauris non ligula pellentesque ultrices phasellus id sapien in sapien iaculis congue vivamus metus arcu adipiscing molestie hendrerit at vulputate vitae nisl aenean lectus pellentesque eget nunc donec quis orci eget orci vehicula condimentum', '2441', 1, 1),
(10, 'lacus morbi quis', NULL, '3129', 0, 9),
(11, 'venenatis lacinia aenean sit amet', 'suscipit ligula in lacus curabitur at ipsum ac tellus semper interdum mauris ullamcorper purus sit amet nulla quisque arcu libero rutrum ac lobortis vel dapibus at', '6193', 0, 3),
(12, 'mi nulla ac enim', 'in felis eu sapien cursus vestibulum proin eu mi nulla ac enim in tempor turpis nec euismod scelerisque quam turpis adipiscing lorem vitae mattis nibh ligula nec sem duis aliquam convallis nunc proin at turpis a pede posuere nonummy integer non velit donec diam neque vestibulum eget vulputate', '4387', 1, 8),
(13, 'augue quam sollicitudin vitae consectetuer', 'semper sapien a libero nam dui proin leo odio porttitor id consequat in consequat ut nulla sed accumsan felis ut at dolor quis odio consequat varius integer ac leo pellentesque ultrices mattis odio donec vitae nisi nam ultrices libero non mattis pulvinar nulla pede ullamcorper', '2726', 1, 6),
(14, 'turpis elementum ligula', 'aliquam sit amet diam in magna bibendum imperdiet nullam orci pede venenatis non sodales sed tincidunt eu felis fusce posuere felis sed lacus morbi sem mauris laoreet ut rhoncus aliquet pulvinar sed nisl nunc rhoncus dui vel sem sed', '6380', 1, 9),
(15, 'in', 'curae donec pharetra magna vestibulum aliquet ultrices erat tortor sollicitudin mi sit amet lobortis sapien sapien non mi integer ac neque duis bibendum morbi non quam nec dui luctus rutrum nulla tellus in sagittis dui vel nisl', '8189', 0, 9),
(16, 'ullamcorper augue', 'pede libero quis orci nullam molestie nibh in lectus pellentesque at nulla suspendisse potenti cras in purus eu magna vulputate luctus cum sociis natoque penatibus et magnis dis parturient montes nascetur ridiculus mus vivamus vestibulum', '5492', 1, 4),
(17, 'dui proin leo odio porttitor', 'eu massa donec dapibus duis at velit eu est congue elementum in hac habitasse platea dictumst morbi vestibulum', '8204', 0, 1),
(18, 'ac est lacinia nisi', 'nulla tellus in sagittis dui vel nisl duis ac nibh fusce lacus purus aliquet at feugiat non pretium quis lectus suspendisse potenti in eleifend quam', '8180', 1, 6),
(19, 'ultrices posuere', 'in faucibus orci luctus et ultrices posuere cubilia curae mauris viverra diam vitae quam suspendisse potenti nullam porttitor lacus at turpis', '7750', 0, 5),
(20, 'maecenas tincidunt lacus', NULL, '1191', 1, 4),
(21, 'bibendum morbi non', 'in tempus sit amet sem fusce consequat nulla nisl nunc nisl duis bibendum felis sed interdum venenatis turpis enim blandit mi in porttitor', '8001', 0, 4),
(22, 'non mattis pulvinar nulla pede', 'eros viverra eget congue eget semper rutrum nulla nunc purus phasellus in felis donec semper sapien a libero nam dui proin leo odio porttitor id consequat in consequat ut nulla sed accumsan felis ut at dolor', '3096', 1, 2),
(23, 'libero non', NULL, '5825', 0, 4),
(24, 'lacus purus', NULL, '8540', 1, 9),
(25, 'quis', 'nullam sit amet turpis elementum ligula vehicula consequat morbi a ipsum integer a nibh in quis justo maecenas rhoncus aliquam lacus morbi quis tortor', '9603', 1, 10),
(26, 'ultrices', 'maecenas pulvinar lobortis est phasellus sit amet erat nulla tempus vivamus in felis eu', '1988', 0, 3),
(27, 'dictumst maecenas ut massa', NULL, '6009', 1, 3),
(28, 'sed sagittis nam', 'in quam fringilla rhoncus mauris enim leo rhoncus sed vestibulum sit amet cursus id turpis integer aliquet massa id lobortis convallis tortor risus dapibus augue vel accumsan tellus nisi eu orci mauris lacinia sapien quis libero nullam sit amet turpis elementum ligula vehicula', '2962', 1, 2),
(29, 'posuere felis sed lacus', 'adipiscing molestie hendrerit at vulputate vitae nisl aenean lectus pellentesque eget nunc donec quis orci eget orci vehicula condimentum curabitur in libero ut massa volutpat convallis morbi odio odio elementum eu interdum eu tincidunt in leo maecenas pulvinar lobortis est phasellus sit amet erat nulla tempus vivamus', '8276', 0, 4),
(30, 'sapien placerat ante', NULL, '5997', 1, 6),
(31, 'nisi venenatis tristique fusce', 'nascetur ridiculus mus etiam vel augue vestibulum rutrum rutrum neque aenean auctor gravida sem praesent id', '958', 0, 3),
(32, 'phasellus', 'sapien dignissim vestibulum vestibulum ante ipsum primis in faucibus orci luctus et ultrices posuere cubilia curae nulla dapibus dolor vel est donec odio justo sollicitudin ut', '3232', 1, 1),
(33, 'dapibus', 'nisi at nibh in hac habitasse platea dictumst aliquam augue quam sollicitudin vitae consectetuer eget rutrum at lorem integer tincidunt ante vel', '6148', 0, 7),
(34, 'morbi porttitor', NULL, '6008', 1, 6),
(35, 'convallis', 'eros viverra eget congue eget semper rutrum nulla nunc purus phasellus in felis donec semper sapien a libero nam dui', '6362', 1, 5),
(36, 'hac habitasse platea', 'pede libero quis orci nullam molestie nibh in lectus pellentesque at nulla suspendisse potenti cras in purus eu magna', '1452', 0, 5),
(37, 'luctus nec', NULL, '8615', 0, 2),
(38, 'a ipsum integer', NULL, '7421', 0, 2),
(39, 'ac leo', NULL, '8588', 0, 4),
(40, 'quam suspendisse potenti nullam', NULL, '4363', 0, 7),
(41, 'congue risus', 'vulputate elementum nullam varius nulla facilisi cras non velit nec nisi vulputate nonummy maecenas tincidunt lacus at velit vivamus vel nulla eget eros elementum pellentesque quisque porta volutpat erat quisque erat eros viverra eget congue eget semper rutrum nulla nunc purus phasellus in felis donec semper sapien', '6814', 1, 7),
(42, 'sapien', NULL, '3211', 0, 5),
(43, 'nec molestie', 'scelerisque mauris sit amet eros suspendisse accumsan tortor quis turpis sed ante vivamus tortor duis mattis egestas metus aenean fermentum donec ut mauris eget massa tempor convallis nulla neque libero convallis eget eleifend luctus ultricies', '7250', 0, 5),
(44, 'ornare', NULL, '6468', 0, 4),
(45, 'nulla pede ullamcorper', 'libero quis orci nullam molestie nibh in lectus pellentesque at nulla suspendisse potenti cras in purus eu magna vulputate luctus cum sociis natoque penatibus et magnis dis parturient montes nascetur ridiculus mus vivamus vestibulum sagittis', '657', 0, 3),
(46, 'magna ac', 'libero nullam sit amet turpis elementum ligula vehicula consequat morbi a ipsum integer a nibh in quis justo maecenas rhoncus aliquam lacus morbi quis tortor id nulla ultrices aliquet maecenas leo odio condimentum id luctus nec', '3289', 0, 3),
(47, 'pulvinar nulla pede ullamcorper augue', 'dapibus augue vel accumsan tellus nisi eu orci mauris lacinia sapien quis libero nullam sit amet turpis elementum ligula vehicula consequat morbi a ipsum integer a nibh in quis justo maecenas rhoncus aliquam lacus morbi quis tortor id nulla ultrices aliquet maecenas leo odio condimentum id luctus nec molestie', '5656', 1, 4),
(48, 'interdum mauris non', 'in tempus sit amet sem fusce consequat nulla nisl nunc nisl duis bibendum felis sed interdum venenatis turpis enim blandit mi in', '3121', 1, 9),
(49, 'ornare imperdiet sapien urna pretium', 'amet cursus id turpis integer aliquet massa id lobortis convallis tortor risus dapibus augue vel accumsan tellus nisi eu orci mauris lacinia sapien quis libero nullam sit amet turpis elementum ligula vehicula consequat morbi a ipsum integer a nibh in quis justo maecenas rhoncus aliquam', '8972', 1, 2),
(50, 'libero rutrum ac lobortis vel', 'erat curabitur gravida nisi at nibh in hac habitasse platea dictumst aliquam augue quam sollicitudin vitae consectetuer eget rutrum at lorem integer tincidunt ante vel ipsum praesent blandit lacinia erat vestibulum sed magna at nunc commodo placerat praesent blandit nam nulla integer pede justo lacinia', '1413', 1, 9),
(51, 'sed sagittis nam', 'montes nascetur ridiculus mus etiam vel augue vestibulum rutrum rutrum neque aenean auctor gravida sem praesent id massa id nisl venenatis lacinia aenean sit amet justo morbi', '8819', 0, 6),
(52, 'ut', 'curabitur at ipsum ac tellus semper interdum mauris ullamcorper purus', '1601', 0, 8),
(53, 'a suscipit', 'neque libero convallis eget eleifend luctus ultricies eu nibh quisque id justo sit amet sapien dignissim vestibulum vestibulum ante ipsum primis in faucibus orci luctus et ultrices posuere cubilia curae nulla dapibus dolor vel est donec odio justo sollicitudin ut suscipit a feugiat et eros vestibulum ac est lacinia nisi', '2666', 0, 8),
(54, 'dui maecenas tristique', 'diam in magna bibendum imperdiet nullam orci pede venenatis non sodales sed tincidunt eu felis fusce posuere felis sed lacus morbi sem mauris laoreet ut rhoncus', '8057', 0, 3),
(55, 'viverra eget congue eget', NULL, '8698', 0, 4),
(56, 'risus dapibus', 'massa id nisl venenatis lacinia aenean sit amet justo morbi ut odio cras mi pede malesuada in imperdiet et commodo vulputate justo in blandit ultrices enim lorem ipsum dolor sit', '7288', 1, 7),
(57, 'orci', 'vel nulla eget eros elementum pellentesque quisque porta volutpat erat quisque erat eros viverra eget congue eget semper rutrum nulla nunc purus phasellus in felis donec semper sapien a libero nam dui', '9606', 1, 7),
(58, 'etiam pretium iaculis', NULL, '774', 0, 4),
(59, 'ultricies', 'in faucibus orci luctus et ultrices posuere cubilia curae donec pharetra magna vestibulum aliquet ultrices erat tortor sollicitudin mi sit amet lobortis sapien sapien non mi integer ac neque duis bibendum morbi non quam nec dui luctus rutrum nulla tellus in sagittis dui vel nisl duis', '1924', 1, 6),
(60, 'quis turpis eget elit', 'donec quis orci eget orci vehicula condimentum curabitur in libero ut massa volutpat convallis morbi odio odio elementum eu interdum eu tincidunt in leo maecenas pulvinar lobortis est phasellus sit amet erat', '7683', 0, 1),
(61, 'diam in magna', 'leo odio condimentum id luctus nec molestie sed justo pellentesque viverra pede ac diam cras pellentesque volutpat dui maecenas tristique est et tempus semper est quam pharetra magna', '8754', 1, 5),
(62, 'suspendisse ornare', 'pellentesque quisque porta volutpat erat quisque erat eros viverra eget congue', '7779', 1, 5),
(63, 'eget', 'dolor sit amet consectetuer adipiscing elit proin interdum mauris non ligula', '5666', 1, 10),
(64, 'cum sociis natoque penatibus', 'semper rutrum nulla nunc purus phasellus in felis donec semper sapien a libero nam dui proin leo odio porttitor id consequat in consequat ut nulla sed accumsan felis ut at dolor', '6048', 1, 9),
(65, 'purus phasellus in', 'eget congue eget semper rutrum nulla nunc purus phasellus in felis donec semper sapien a libero nam dui proin leo odio porttitor id consequat in consequat ut nulla sed accumsan felis ut at dolor quis odio consequat varius integer ac leo pellentesque ultrices mattis', '8183', 0, 9),
(66, 'sed justo', 'sem sed sagittis nam congue risus semper porta volutpat quam pede lobortis ligula sit amet eleifend pede libero quis orci nullam molestie nibh in lectus pellentesque at nulla suspendisse potenti', '5089', 0, 7),
(67, 'eget orci vehicula condimentum', NULL, '1516', 1, 6),
(68, 'in congue etiam justo etiam', 'justo pellentesque viverra pede ac diam cras pellentesque volutpat dui maecenas tristique est et tempus semper est quam pharetra magna ac consequat metus sapien ut nunc vestibulum ante ipsum primis in faucibus orci luctus', '3838', 0, 6),
(69, 'ac enim in tempor', 'pretium iaculis justo in hac habitasse platea dictumst etiam faucibus cursus urna ut tellus nulla ut erat id mauris vulputate elementum nullam varius', '6397', 0, 8),
(70, 'magna', 'suscipit a feugiat et eros vestibulum ac est lacinia nisi venenatis tristique fusce congue diam id ornare imperdiet sapien urna pretium nisl ut volutpat sapien arcu sed augue aliquam erat volutpat in congue etiam justo etiam pretium iaculis justo', '3761', 0, 9),
(71, 'odio justo sollicitudin ut', 'amet sem fusce consequat nulla nisl nunc nisl duis bibendum felis sed interdum venenatis turpis enim blandit mi in porttitor pede', '4980', 1, 7),
(72, 'pellentesque ultrices mattis odio donec', 'magna ac consequat metus sapien ut nunc vestibulum ante ipsum primis in faucibus orci luctus et ultrices posuere cubilia curae mauris viverra diam vitae quam suspendisse potenti nullam porttitor lacus at turpis donec posuere metus vitae ipsum aliquam', '6303', 1, 3),
(73, 'nunc donec quis', 'gravida nisi at nibh in hac habitasse platea dictumst aliquam augue quam sollicitudin vitae consectetuer eget rutrum at lorem integer tincidunt ante vel ipsum praesent blandit lacinia erat vestibulum sed magna at nunc commodo placerat praesent blandit nam nulla integer pede justo lacinia eget tincidunt eget tempus', '1527', 1, 10),
(74, 'vivamus vestibulum sagittis sapien', NULL, '5868', 1, 6),
(75, 'morbi non lectus aliquam', NULL, '9956', 1, 8),
(76, 'aliquam lacus morbi', 'nisl nunc rhoncus dui vel sem sed sagittis nam congue risus semper porta volutpat quam pede lobortis ligula sit amet eleifend pede libero quis orci nullam molestie nibh in', '9178', 0, 1),
(77, 'sapien arcu sed augue', 'erat tortor sollicitudin mi sit amet lobortis sapien sapien non mi integer ac neque duis bibendum morbi non quam nec dui luctus rutrum nulla tellus in sagittis dui vel nisl duis ac nibh fusce lacus purus aliquet at feugiat non pretium quis lectus suspendisse potenti', '880', 1, 6),
(78, 'sodales scelerisque mauris', 'pede justo lacinia eget tincidunt eget tempus vel pede morbi porttitor lorem id ligula', '8890', 1, 10),
(79, 'proin risus praesent', NULL, '2011', 0, 8),
(80, 'morbi vel lectus in', 'sapien a libero nam dui proin leo odio porttitor id', '1050', 1, 4),
(81, 'pellentesque at', 'non quam nec dui luctus rutrum nulla tellus in sagittis dui vel nisl duis ac nibh fusce lacus purus aliquet at feugiat non pretium quis lectus suspendisse potenti in eleifend quam', '3780', 0, 6),
(82, 'sollicitudin', NULL, '2990', 0, 5),
(83, 'quam', NULL, '5362', 0, 8),
(84, 'aliquam lacus morbi quis', NULL, '9454', 1, 6),
(85, 'curabitur in libero ut', 'morbi non quam nec dui luctus rutrum nulla tellus in sagittis dui vel nisl duis ac nibh fusce lacus purus aliquet at feugiat non pretium', '6837', 1, 2),
(86, 'dictumst etiam faucibus cursus', NULL, '4693', 0, 9),
(87, 'nunc vestibulum ante ipsum', NULL, '3206', 0, 6),
(88, 'cras mi pede malesuada', 'tortor sollicitudin mi sit amet lobortis sapien sapien non mi integer ac neque duis bibendum morbi non quam', '6512', 0, 9),
(89, 'vulputate ut ultrices vel', 'aliquet ultrices erat tortor sollicitudin mi sit amet lobortis sapien sapien non mi integer ac neque duis bibendum morbi non quam nec dui luctus rutrum nulla tellus in sagittis dui vel nisl duis ac nibh', '5707', 1, 8),
(90, 'neque aenean auctor', NULL, '6198', 1, 4),
(91, 'eu orci mauris', 'velit eu est congue elementum in hac habitasse platea dictumst morbi vestibulum velit id pretium iaculis diam erat fermentum justo nec condimentum neque sapien placerat ante', '9554', 0, 6),
(92, 'felis', NULL, '9198', 1, 4),
(93, 'orci vehicula condimentum', 'venenatis turpis enim blandit mi in porttitor pede justo eu massa donec dapibus duis at velit eu est congue elementum in hac habitasse platea dictumst morbi vestibulum velit id pretium iaculis diam erat fermentum justo nec condimentum neque sapien placerat ante', '599', 1, 3),
(94, 'cursus id turpis integer', 'enim in tempor turpis nec euismod scelerisque quam turpis adipiscing lorem vitae mattis nibh ligula nec sem duis aliquam convallis nunc proin at turpis a pede posuere nonummy integer non velit donec diam neque vestibulum eget vulputate', '8001', 0, 6),
(95, 'odio in hac habitasse', 'condimentum curabitur in libero ut massa volutpat convallis morbi odio odio elementum eu interdum eu tincidunt in leo maecenas pulvinar lobortis est phasellus', '2664', 1, 5),
(96, 'donec semper', 'imperdiet nullam orci pede venenatis non sodales sed tincidunt eu felis fusce posuere felis sed lacus morbi sem mauris laoreet', '2940', 0, 5),
(97, 'volutpat convallis morbi odio odio', NULL, '6401', 1, 9),
(98, 'sit amet nulla quisque', NULL, '2363', 0, 1),
(99, 'in hac habitasse', 'dolor sit amet consectetuer adipiscing elit proin interdum mauris non ligula pellentesque ultrices phasellus id sapien in sapien iaculis congue vivamus metus arcu adipiscing molestie hendrerit at vulputate vitae nisl aenean lectus', '8693', 0, 5),
(100, 'auctor sed tristique', 'blandit mi in porttitor pede justo eu massa donec dapibus duis at velit eu est congue elementum in hac habitasse platea dictumst morbi vestibulum velit id pretium iaculis diam erat fermentum justo nec condimentum neque sapien placerat ante nulla justo aliquam quis turpis eget elit sodales scelerisque', '5499', 0, 4),
(101, 'duis ac nibh fusce', 'nulla facilisi cras non velit nec nisi vulputate nonummy maecenas tincidunt lacus at', '8310', 0, 6),
(102, 'leo maecenas', 'montes nascetur ridiculus mus vivamus vestibulum sagittis sapien cum sociis natoque penatibus et magnis dis parturient montes nascetur ridiculus mus etiam vel augue vestibulum rutrum rutrum neque aenean auctor', '7165', 1, 9),
(103, 'posuere cubilia curae donec', 'risus semper porta volutpat quam pede lobortis ligula sit amet eleifend pede libero quis orci nullam molestie nibh in lectus pellentesque at nulla suspendisse potenti cras in purus eu magna vulputate luctus cum sociis natoque penatibus', '2711', 0, 2),
(104, 'morbi quis tortor', 'massa id lobortis convallis tortor risus dapibus augue vel accumsan tellus nisi eu orci mauris lacinia sapien quis libero nullam sit amet turpis elementum ligula vehicula consequat morbi a ipsum integer', '6440', 1, 9),
(105, 'volutpat in congue etiam justo', 'nisl ut volutpat sapien arcu sed augue aliquam erat volutpat in', '797', 0, 5),
(106, 'erat tortor', 'morbi a ipsum integer a nibh in quis justo maecenas rhoncus aliquam lacus morbi quis tortor id nulla ultrices aliquet maecenas leo odio condimentum id luctus nec molestie sed justo pellentesque viverra pede ac diam cras pellentesque volutpat dui maecenas tristique est et tempus semper est quam pharetra', '5342', 0, 10),
(107, 'et magnis dis parturient montes', 'in quam fringilla rhoncus mauris enim leo rhoncus sed vestibulum sit amet', '3921', 0, 6),
(108, 'eros viverra eget', NULL, '4141', 1, 9),
(109, 'turpis elementum ligula vehicula', 'mattis nibh ligula nec sem duis aliquam convallis nunc proin at turpis a pede posuere nonummy integer non velit donec diam neque vestibulum eget vulputate ut ultrices vel augue', '5056', 1, 9),
(110, 'rutrum nulla', 'nibh in lectus pellentesque at nulla suspendisse potenti cras in purus eu magna vulputate luctus cum sociis natoque penatibus et magnis dis parturient montes nascetur ridiculus mus vivamus vestibulum sagittis sapien cum sociis natoque penatibus et magnis dis parturient montes nascetur ridiculus mus etiam vel augue vestibulum rutrum', '6998', 0, 5),
(111, 'erat fermentum justo nec', 'non quam nec dui luctus rutrum nulla tellus in sagittis dui vel nisl duis ac nibh fusce lacus purus aliquet at feugiat non pretium quis lectus suspendisse potenti in eleifend quam a odio in hac habitasse platea dictumst maecenas ut', '8591', 0, 1),
(112, 'praesent blandit lacinia', NULL, '4618', 0, 5),
(113, 'lobortis convallis tortor', 'primis in faucibus orci luctus et ultrices posuere cubilia curae nulla dapibus dolor vel est donec odio justo sollicitudin ut suscipit a feugiat et eros vestibulum ac est lacinia nisi venenatis tristique fusce congue diam id', '8380', 0, 2),
(114, 'dui', 'massa id nisl venenatis lacinia aenean sit amet justo morbi', '3544', 0, 7),
(115, 'non lectus aliquam sit', 'volutpat quam pede lobortis ligula sit amet eleifend pede libero quis orci nullam molestie nibh in lectus pellentesque at nulla suspendisse potenti cras', '6468', 1, 7),
(116, 'vivamus', 'nibh in quis justo maecenas rhoncus aliquam lacus morbi quis tortor id nulla', '6839', 0, 5),
(117, 'suscipit ligula in lacus', 'pellentesque ultrices phasellus id sapien in sapien iaculis congue vivamus metus arcu adipiscing molestie hendrerit at vulputate vitae nisl aenean lectus pellentesque', '3762', 1, 6),
(118, 'nulla', 'sapien sapien non mi integer ac neque duis bibendum morbi non quam nec dui luctus rutrum nulla tellus in sagittis dui vel nisl duis ac nibh fusce lacus purus aliquet at feugiat non pretium quis lectus suspendisse potenti in eleifend quam a', '3000', 1, 1),
(119, 'in faucibus orci', 'sapien dignissim vestibulum vestibulum ante ipsum primis in faucibus orci luctus et ultrices posuere cubilia curae nulla dapibus dolor vel est donec odio justo sollicitudin ut suscipit a feugiat et eros vestibulum ac est lacinia nisi venenatis tristique fusce congue diam id ornare imperdiet sapien urna pretium nisl ut', '2168', 1, 1),
(120, 'consequat', 'erat quisque erat eros viverra eget congue eget semper rutrum', '2531', 1, 6),
(121, 'mi', NULL, '2643', 1, 1),
(122, 'diam vitae quam suspendisse potenti', NULL, '8534', 0, 5),
(123, 'sollicitudin vitae consectetuer', NULL, '7948', 1, 6),
(124, 'nisi volutpat eleifend donec', NULL, '6357', 0, 6),
(125, 'pulvinar nulla pede', 'lorem id ligula suspendisse ornare consequat lectus in est risus auctor sed tristique in tempus sit amet sem fusce consequat nulla nisl nunc nisl duis bibendum felis sed interdum venenatis', '7823', 1, 7),
(126, 'quis orci eget orci', 'nonummy maecenas tincidunt lacus at velit vivamus vel nulla eget eros elementum pellentesque quisque porta volutpat erat quisque erat eros viverra eget congue eget semper rutrum nulla nunc purus phasellus in felis donec semper sapien a libero nam dui', '2439', 0, 4),
(127, 'rhoncus mauris enim leo', NULL, '9088', 0, 5),
(128, 'semper rutrum nulla nunc purus', NULL, '3184', 1, 1),
(129, 'elementum in', 'duis bibendum felis sed interdum venenatis turpis enim blandit mi in porttitor pede justo eu massa donec dapibus duis at velit eu est congue elementum in hac habitasse platea dictumst morbi vestibulum velit id pretium iaculis diam erat fermentum justo nec condimentum', '8572', 0, 9),
(130, 'vestibulum rutrum rutrum neque aenean', 'ante ipsum primis in faucibus orci luctus et ultrices posuere cubilia curae donec pharetra magna vestibulum aliquet ultrices erat tortor sollicitudin mi sit amet lobortis sapien sapien non mi', '5111', 0, 6),
(131, 'mauris vulputate elementum nullam varius', 'turpis integer aliquet massa id lobortis convallis tortor risus dapibus augue vel accumsan tellus nisi eu orci mauris lacinia sapien quis libero nullam sit amet', '3456', 0, 2),
(132, 'aliquam', 'non pretium quis lectus suspendisse potenti in eleifend quam a odio in hac habitasse platea dictumst maecenas ut massa quis augue luctus tincidunt nulla mollis molestie lorem quisque ut erat curabitur gravida nisi', '1155', 1, 7),
(133, 'mi pede', 'scelerisque quam turpis adipiscing lorem vitae mattis nibh ligula nec sem duis aliquam convallis nunc', '757', 0, 2),
(134, 'ante ipsum primis in', 'platea dictumst maecenas ut massa quis augue luctus tincidunt nulla mollis molestie lorem quisque ut erat curabitur gravida nisi at nibh in hac habitasse platea dictumst aliquam augue quam sollicitudin', '6859', 1, 2),
(135, 'nullam orci pede venenatis non', 'vulputate elementum nullam varius nulla facilisi cras non velit nec nisi vulputate nonummy maecenas', '1942', 0, 5),
(136, 'ipsum ac', NULL, '952', 1, 5),
(137, 'feugiat et eros vestibulum ac', 'at feugiat non pretium quis lectus suspendisse potenti in eleifend quam a odio in hac habitasse platea dictumst maecenas', '1392', 1, 10),
(138, 'porttitor lorem id', 'aliquet pulvinar sed nisl nunc rhoncus dui vel sem sed sagittis nam congue risus semper porta volutpat quam pede lobortis', '8603', 1, 2),
(139, 'ut mauris eget massa', 'morbi porttitor lorem id ligula suspendisse ornare consequat lectus in est risus', '9478', 1, 3),
(140, 'vestibulum ac est lacinia nisi', NULL, '2062', 0, 10),
(141, 'nisi eu', 'libero non mattis pulvinar nulla pede ullamcorper augue a suscipit nulla elit ac nulla sed vel enim sit amet nunc viverra dapibus', '2084', 0, 7),
(142, 'tincidunt lacus at', 'id mauris vulputate elementum nullam varius nulla facilisi cras non velit nec nisi vulputate nonummy maecenas tincidunt lacus at velit vivamus vel nulla eget eros elementum pellentesque quisque porta volutpat erat quisque erat eros viverra eget congue eget semper rutrum nulla nunc purus', '5076', 0, 9),
(143, 'lorem ipsum', NULL, '8244', 1, 5),
(144, 'vitae quam suspendisse', 'ipsum dolor sit amet consectetuer adipiscing elit proin risus praesent lectus vestibulum quam sapien varius ut blandit non interdum in ante vestibulum ante ipsum primis', '9159', 1, 8),
(145, 'magna vulputate', 'nulla mollis molestie lorem quisque ut erat curabitur gravida nisi at nibh in hac habitasse platea dictumst aliquam augue quam sollicitudin vitae consectetuer eget rutrum at lorem integer tincidunt ante vel ipsum praesent blandit', '4595', 0, 9),
(146, 'sit amet lobortis sapien sapien', 'lectus in est risus auctor sed tristique in tempus sit amet sem fusce consequat nulla nisl nunc nisl duis bibendum felis sed interdum venenatis turpis enim blandit mi in porttitor pede justo eu massa donec dapibus duis at velit', '8544', 0, 2),
(147, 'nibh', 'massa tempor convallis nulla neque libero convallis eget eleifend luctus ultricies eu nibh quisque id justo sit amet sapien dignissim vestibulum vestibulum ante ipsum primis in faucibus orci luctus et ultrices posuere cubilia curae nulla dapibus dolor vel est donec odio justo sollicitudin ut suscipit a', '9863', 1, 10),
(148, 'semper', 'mattis pulvinar nulla pede ullamcorper augue a suscipit nulla elit ac nulla sed vel enim sit amet nunc viverra dapibus nulla suscipit ligula in lacus curabitur at ipsum ac tellus semper interdum mauris ullamcorper purus', '7541', 0, 1),
(149, 'ut erat id', NULL, '715', 1, 4),
(150, 'in lectus pellentesque', 'penatibus et magnis dis parturient montes nascetur ridiculus mus vivamus vestibulum sagittis sapien cum sociis natoque penatibus et magnis dis parturient montes nascetur ridiculus mus etiam vel augue vestibulum rutrum rutrum neque aenean auctor gravida sem praesent id massa id nisl venenatis lacinia aenean sit', '6578', 1, 1),
(151, 'quam sapien', 'est phasellus sit amet erat nulla tempus vivamus in felis', '3693', 1, 4),
(152, 'quis turpis sed ante vivamus', NULL, '1650', 0, 3),
(153, 'ipsum', 'amet justo morbi ut odio cras mi pede malesuada in imperdiet et commodo vulputate justo in blandit ultrices enim lorem ipsum dolor sit amet consectetuer adipiscing elit proin', '2459', 1, 4),
(154, 'est quam pharetra', NULL, '4015', 0, 10),
(155, 'feugiat non pretium quis', 'quam sollicitudin vitae consectetuer eget rutrum at lorem integer tincidunt ante vel ipsum praesent blandit lacinia', '8200', 0, 9),
(156, 'nulla ultrices aliquet maecenas', 'nonummy integer non velit donec diam neque vestibulum eget vulputate ut ultrices vel augue vestibulum ante ipsum primis in faucibus orci luctus et ultrices posuere cubilia curae donec pharetra magna vestibulum aliquet ultrices erat tortor sollicitudin mi sit amet lobortis sapien sapien non mi integer ac neque', '2653', 1, 2),
(157, 'libero', 'sit amet eros suspendisse accumsan tortor quis turpis sed ante vivamus tortor duis', '3218', 0, 4),
(158, 'eros elementum pellentesque quisque', 'nisl duis bibendum felis sed interdum venenatis turpis enim blandit mi in porttitor pede justo eu massa donec dapibus duis at velit', '3993', 1, 6),
(159, 'eleifend quam', 'pulvinar lobortis est phasellus sit amet erat nulla tempus vivamus in felis eu sapien cursus vestibulum proin eu mi nulla ac enim in tempor turpis nec euismod scelerisque quam turpis', '5684', 1, 1),
(160, 'ultricies eu nibh quisque', 'in tempus sit amet sem fusce consequat nulla nisl nunc nisl duis bibendum felis sed interdum venenatis turpis enim blandit mi in porttitor pede justo eu massa donec dapibus duis at velit eu est congue elementum in hac habitasse platea dictumst morbi vestibulum velit id pretium iaculis diam', '1502', 1, 8),
(161, 'ultrices enim lorem ipsum dolor', 'in hac habitasse platea dictumst morbi vestibulum velit id pretium iaculis diam erat fermentum justo nec condimentum neque sapien placerat ante nulla justo aliquam quis turpis eget elit sodales scelerisque mauris sit amet eros suspendisse accumsan tortor quis turpis', '3738', 0, 7),
(162, 'faucibus orci luctus et ultrices', 'sed nisl nunc rhoncus dui vel sem sed sagittis nam congue risus semper porta volutpat quam pede lobortis ligula sit amet eleifend', '2461', 0, 1),
(163, 'elementum', NULL, '6109', 0, 5),
(164, 'molestie lorem quisque', 'amet cursus id turpis integer aliquet massa id lobortis convallis tortor risus dapibus augue vel accumsan tellus nisi eu orci mauris lacinia sapien quis libero nullam sit amet turpis elementum ligula vehicula consequat morbi a ipsum integer a nibh in quis justo maecenas', '9856', 1, 10),
(165, 'fusce lacus purus aliquet at', 'fermentum justo nec condimentum neque sapien placerat ante nulla justo aliquam quis turpis', '5077', 1, 10),
(166, 'vestibulum', 'volutpat quam pede lobortis ligula sit amet eleifend pede libero quis orci nullam molestie nibh in lectus pellentesque at nulla suspendisse potenti cras in purus eu magna vulputate luctus cum sociis natoque penatibus et magnis dis parturient montes nascetur ridiculus mus vivamus vestibulum sagittis sapien cum sociis natoque penatibus et', '6351', 0, 4),
(167, 'egestas', 'orci luctus et ultrices posuere cubilia curae duis faucibus accumsan odio curabitur convallis duis consequat', '4944', 1, 8),
(168, 'tempus semper', 'nunc viverra dapibus nulla suscipit ligula in lacus curabitur at ipsum ac tellus semper interdum mauris ullamcorper purus sit amet nulla quisque arcu libero rutrum ac lobortis vel dapibus at diam nam tristique tortor eu pede', '1389', 0, 1),
(169, 'leo', 'curae nulla dapibus dolor vel est donec odio justo sollicitudin ut suscipit a feugiat et eros vestibulum ac est lacinia nisi venenatis tristique fusce', '7165', 1, 10),
(170, 'convallis duis consequat', NULL, '1240', 0, 1),
(171, 'metus vitae ipsum', 'posuere felis sed lacus morbi sem mauris laoreet ut rhoncus aliquet pulvinar sed nisl nunc rhoncus dui vel sem sed sagittis nam congue risus semper porta volutpat quam pede lobortis ligula sit amet eleifend pede libero quis orci nullam molestie nibh in lectus pellentesque at', '2493', 1, 10),
(172, 'vel nisl duis ac nibh', NULL, '1860', 1, 6),
(173, 'sem mauris laoreet ut rhoncus', 'in lectus pellentesque at nulla suspendisse potenti cras in purus eu magna vulputate', '7856', 0, 8),
(174, 'velit eu est congue', 'felis fusce posuere felis sed lacus morbi sem mauris laoreet ut rhoncus aliquet pulvinar sed nisl nunc rhoncus dui vel sem sed sagittis nam congue risus semper porta volutpat quam pede', '4513', 0, 9),
(175, 'quisque ut erat', 'orci mauris lacinia sapien quis libero nullam sit amet turpis elementum ligula vehicula consequat morbi a ipsum integer a nibh in quis justo maecenas rhoncus aliquam lacus morbi', '3329', 0, 8),
(176, 'gravida sem praesent id', NULL, '5473', 1, 7),
(177, 'convallis tortor risus', 'arcu adipiscing molestie hendrerit at vulputate vitae nisl aenean lectus pellentesque eget nunc donec quis orci eget orci vehicula condimentum curabitur in libero ut massa volutpat convallis morbi odio odio elementum eu interdum eu tincidunt in leo maecenas pulvinar lobortis est phasellus sit', '2443', 0, 4),
(178, 'non quam', 'mi in porttitor pede justo eu massa donec dapibus duis at velit eu est congue elementum in hac habitasse platea dictumst morbi', '2921', 0, 5),
(179, 'nulla justo', NULL, '9284', 1, 7),
(180, 'lacinia', 'nec condimentum neque sapien placerat ante nulla justo aliquam quis turpis eget elit sodales scelerisque mauris sit amet eros suspendisse accumsan tortor quis turpis sed ante vivamus tortor duis mattis egestas metus aenean fermentum', '7053', 0, 4),
(181, 'velit vivamus vel nulla eget', 'vulputate ut ultrices vel augue vestibulum ante ipsum primis in faucibus orci luctus et ultrices posuere cubilia curae donec pharetra magna vestibulum aliquet ultrices erat tortor sollicitudin mi sit amet lobortis sapien sapien non', '1924', 1, 6),
(182, 'malesuada in imperdiet', 'ridiculus mus etiam vel augue vestibulum rutrum rutrum neque aenean auctor gravida sem praesent id massa id nisl venenatis lacinia aenean sit amet justo morbi ut odio cras mi pede malesuada in imperdiet et commodo vulputate justo in blandit ultrices enim lorem ipsum dolor sit', '6284', 1, 1),
(183, 'aliquam augue', 'tempus semper est quam pharetra magna ac consequat metus sapien ut nunc vestibulum ante ipsum primis in faucibus orci luctus et ultrices posuere cubilia curae mauris viverra diam vitae quam', '7890', 1, 2),
(184, 'id ornare imperdiet sapien urna', 'vulputate vitae nisl aenean lectus pellentesque eget nunc donec quis orci eget orci vehicula condimentum curabitur in libero ut massa volutpat convallis morbi odio odio elementum eu interdum eu tincidunt in leo', '4679', 1, 7),
(185, 'vestibulum eget vulputate ut', 'neque duis bibendum morbi non quam nec dui luctus rutrum nulla tellus in sagittis dui vel', '3356', 1, 10),
(186, 'praesent blandit lacinia erat vestibulum', 'ac tellus semper interdum mauris ullamcorper purus sit amet nulla quisque arcu libero rutrum', '7746', 0, 6),
(187, 'est', 'duis faucibus accumsan odio curabitur convallis duis consequat dui nec nisi volutpat eleifend donec ut dolor morbi vel lectus in quam fringilla rhoncus mauris enim leo rhoncus sed vestibulum', '6666', 0, 2),
(188, 'faucibus orci luctus', 'diam in magna bibendum imperdiet nullam orci pede venenatis non sodales sed tincidunt eu felis fusce posuere felis sed lacus morbi sem mauris laoreet ut rhoncus aliquet pulvinar sed nisl nunc rhoncus dui vel sem sed sagittis nam congue risus semper porta', '5432', 0, 10),
(189, 'morbi a ipsum integer a', 'magna ac consequat metus sapien ut nunc vestibulum ante ipsum primis in faucibus', '2101', 1, 8),
(190, 'nec sem duis aliquam convallis', 'est congue elementum in hac habitasse platea dictumst morbi vestibulum velit id pretium iaculis diam erat fermentum justo nec condimentum neque sapien placerat ante nulla justo aliquam quis turpis eget elit', '6143', 1, 6),
(191, 'integer non velit', 'ac enim in tempor turpis nec euismod scelerisque quam turpis adipiscing lorem vitae mattis nibh ligula nec sem duis aliquam', '3298', 0, 5),
(192, 'nulla tellus in', 'proin leo odio porttitor id consequat in consequat ut nulla sed accumsan felis ut', '8549', 0, 8),
(193, 'volutpat quam pede', 'ridiculus mus etiam vel augue vestibulum rutrum rutrum neque aenean auctor gravida sem praesent id massa id nisl venenatis', '1447', 0, 4),
(194, 'vestibulum proin eu mi', 'in faucibus orci luctus et ultrices posuere cubilia curae donec pharetra magna', '1185', 1, 3),
(195, 'lacinia erat', 'in blandit ultrices enim lorem ipsum dolor sit amet consectetuer', '2154', 0, 9),
(196, 'pede justo lacinia', 'faucibus orci luctus et ultrices posuere cubilia curae duis faucibus accumsan odio curabitur convallis duis consequat dui nec nisi volutpat eleifend donec ut dolor morbi vel lectus in quam fringilla rhoncus mauris enim leo rhoncus sed', '825', 0, 5),
(197, 'ullamcorper augue', 'porttitor pede justo eu massa donec dapibus duis at velit eu est congue elementum in hac habitasse platea dictumst morbi vestibulum velit id pretium iaculis diam erat fermentum justo nec condimentum neque sapien placerat ante nulla justo aliquam quis turpis eget elit sodales scelerisque mauris sit amet eros', '9596', 0, 7),
(198, 'luctus', 'cursus vestibulum proin eu mi nulla ac enim in tempor turpis nec euismod scelerisque quam turpis adipiscing lorem vitae mattis nibh ligula nec sem duis aliquam convallis nunc proin at turpis a pede posuere nonummy integer non velit donec diam neque vestibulum eget vulputate ut ultrices vel augue vestibulum ante', '4377', 0, 1),
(199, 'nisl nunc nisl duis bibendum', NULL, '1817', 1, 9),
(200, 'sed tincidunt', 'vestibulum ante ipsum primis in faucibus orci luctus et ultrices posuere cubilia curae mauris viverra diam vitae quam suspendisse potenti nullam porttitor lacus at turpis donec posuere metus vitae ipsum aliquam non mauris morbi non lectus aliquam', '8447', 0, 1),
(201, 'turpis nec euismod scelerisque', NULL, '6577', 0, 7),
(202, 'amet', 'turpis sed ante vivamus tortor duis mattis egestas metus aenean fermentum donec ut mauris eget massa tempor convallis nulla neque libero convallis eget eleifend luctus ultricies eu nibh quisque id', '8744', 1, 10),
(203, 'vitae consectetuer eget rutrum at', 'magna vulputate luctus cum sociis natoque penatibus et magnis dis parturient montes nascetur ridiculus mus vivamus vestibulum sagittis sapien', '6742', 1, 7),
(204, 'convallis eget', 'eu sapien cursus vestibulum proin eu mi nulla ac enim in tempor turpis nec euismod scelerisque quam', '7999', 1, 6),
(205, 'rutrum nulla nunc purus', 'tincidunt ante vel ipsum praesent blandit lacinia erat vestibulum sed magna at nunc commodo placerat praesent blandit nam nulla integer pede justo lacinia eget tincidunt eget tempus vel pede morbi porttitor lorem id ligula suspendisse ornare consequat lectus in est risus auctor sed tristique', '1284', 0, 8),
(206, 'amet sapien dignissim vestibulum', 'sit amet nunc viverra dapibus nulla suscipit ligula in lacus curabitur at ipsum ac tellus semper interdum mauris ullamcorper purus sit amet nulla quisque arcu libero rutrum ac lobortis', '6117', 1, 8),
(207, 'sollicitudin ut suscipit', 'mi sit amet lobortis sapien sapien non mi integer ac neque duis bibendum morbi non quam nec dui luctus rutrum nulla tellus in sagittis dui vel nisl duis ac nibh', '3326', 0, 3),
(208, 'blandit', 'eu mi nulla ac enim in tempor turpis nec euismod scelerisque quam turpis adipiscing lorem vitae mattis nibh ligula nec sem duis aliquam convallis nunc proin at turpis a pede posuere nonummy integer non velit donec diam neque vestibulum eget vulputate ut ultrices vel augue vestibulum', '3774', 1, 2),
(209, 'diam in', NULL, '8904', 1, 6),
(210, 'eu magna', 'suscipit ligula in lacus curabitur at ipsum ac tellus semper interdum mauris', '5950', 0, 5),
(211, 'diam', NULL, '6712', 0, 5),
(212, 'sapien cursus', NULL, '8400', 1, 8),
(213, 'placerat', NULL, '5830', 0, 10),
(214, 'nibh fusce lacus purus aliquet', 'in ante vestibulum ante ipsum primis in faucibus orci luctus et ultrices posuere cubilia curae duis faucibus accumsan odio curabitur convallis duis consequat dui nec nisi volutpat', '9019', 0, 9),
(215, 'sem duis aliquam convallis', NULL, '9889', 0, 2),
(216, 'vel lectus in quam fringilla', NULL, '8245', 1, 5),
(217, 'id', 'volutpat eleifend donec ut dolor morbi vel lectus in quam fringilla rhoncus mauris enim leo rhoncus sed vestibulum sit amet cursus id turpis integer aliquet massa id lobortis convallis tortor risus dapibus augue vel accumsan', '2724', 0, 9),
(218, 'nulla tellus in', NULL, '4054', 1, 8),
(219, 'ut', 'nunc purus phasellus in felis donec semper sapien a libero nam dui proin leo odio porttitor id consequat in consequat ut nulla sed accumsan', '2095', 1, 2),
(220, 'nam dui proin leo', 'turpis integer aliquet massa id lobortis convallis tortor risus dapibus augue vel accumsan tellus nisi eu orci mauris lacinia sapien quis libero', '2619', 0, 10),
(221, 'habitasse platea dictumst aliquam', NULL, '6523', 1, 8),
(222, 'aenean fermentum donec', 'vestibulum velit id pretium iaculis diam erat fermentum justo nec condimentum neque sapien placerat ante nulla justo aliquam quis turpis eget elit sodales scelerisque mauris sit amet eros suspendisse accumsan tortor quis turpis sed ante vivamus tortor duis mattis egestas metus aenean', '8554', 0, 6),
(223, 'rhoncus aliquet', 'ipsum dolor sit amet consectetuer adipiscing elit proin interdum mauris non ligula pellentesque ultrices phasellus id sapien in sapien iaculis congue vivamus metus arcu adipiscing molestie hendrerit at vulputate vitae nisl aenean lectus pellentesque eget nunc donec quis orci eget', '819', 0, 7),
(224, 'curabitur gravida nisi', 'sapien sapien non mi integer ac neque duis bibendum morbi non quam nec dui', '5427', 0, 10),
(225, 'diam cras pellentesque volutpat', NULL, '514', 0, 2),
(226, 'nulla sed', 'neque sapien placerat ante nulla justo aliquam quis turpis eget elit sodales scelerisque mauris sit amet eros suspendisse accumsan tortor quis turpis sed ante vivamus tortor', '7255', 0, 3),
(227, 'donec', 'curae donec pharetra magna vestibulum aliquet ultrices erat tortor sollicitudin mi sit amet lobortis sapien sapien non mi integer ac neque duis bibendum morbi non quam nec dui luctus', '3142', 1, 1),
(228, 'arcu adipiscing', 'ac diam cras pellentesque volutpat dui maecenas tristique est et tempus semper est quam pharetra magna ac consequat metus sapien ut nunc vestibulum ante ipsum primis', '1391', 1, 7),
(229, 'quisque porta volutpat', 'praesent blandit lacinia erat vestibulum sed magna at nunc commodo placerat praesent blandit nam nulla integer pede justo lacinia eget tincidunt eget tempus vel pede morbi porttitor lorem id ligula suspendisse ornare consequat lectus in est risus auctor', '4014', 1, 8),
(230, 'varius nulla', 'in consequat ut nulla sed accumsan felis ut at dolor quis odio consequat varius integer ac leo pellentesque ultrices mattis odio donec vitae nisi nam ultrices libero non mattis pulvinar nulla pede ullamcorper augue', '9719', 1, 9),
(231, 'fermentum', 'pellentesque ultrices mattis odio donec vitae nisi nam ultrices libero non mattis pulvinar nulla pede ullamcorper augue a suscipit nulla', '2478', 1, 8),
(232, 'nec nisi', 'adipiscing elit proin interdum mauris non ligula pellentesque ultrices phasellus id sapien in sapien iaculis congue vivamus metus arcu adipiscing molestie hendrerit at vulputate vitae nisl aenean', '550', 1, 9),
(233, 'et magnis dis parturient', 'in sagittis dui vel nisl duis ac nibh fusce lacus purus aliquet at', '6419', 1, 1),
(234, 'vel nulla eget eros elementum', 'potenti cras in purus eu magna vulputate luctus cum sociis natoque penatibus et magnis dis parturient montes nascetur ridiculus mus vivamus vestibulum sagittis sapien cum sociis natoque penatibus et magnis dis parturient montes nascetur ridiculus mus etiam vel augue vestibulum rutrum rutrum neque aenean auctor gravida sem', '7117', 1, 2),
(235, 'at velit eu est', NULL, '3943', 0, 9),
(236, 'ultricies eu nibh quisque', NULL, '4282', 1, 9),
(237, 'in porttitor', 'vitae ipsum aliquam non mauris morbi non lectus aliquam sit amet diam in magna bibendum imperdiet nullam orci pede venenatis non sodales sed tincidunt eu', '3704', 0, 7),
(238, 'orci mauris lacinia', 'suspendisse potenti cras in purus eu magna vulputate luctus cum sociis natoque penatibus et magnis dis parturient montes nascetur ridiculus mus vivamus vestibulum', '9895', 0, 8),
(239, 'libero quis', NULL, '7692', 1, 2),
(240, 'amet', 'dolor vel est donec odio justo sollicitudin ut suscipit a feugiat et eros vestibulum ac est lacinia nisi venenatis tristique fusce', '3362', 1, 1),
(241, 'eleifend', 'id lobortis convallis tortor risus dapibus augue vel accumsan tellus nisi eu orci mauris lacinia sapien quis libero nullam sit amet turpis elementum ligula vehicula consequat morbi', '2169', 1, 1),
(242, 'ultrices', 'ipsum dolor sit amet consectetuer adipiscing elit proin risus praesent lectus vestibulum quam sapien varius ut blandit non interdum in ante vestibulum ante ipsum primis in faucibus orci luctus et', '8224', 0, 7),
(243, 'ut dolor morbi', 'est phasellus sit amet erat nulla tempus vivamus in felis eu sapien cursus vestibulum proin eu mi nulla ac enim in tempor turpis nec euismod scelerisque quam turpis adipiscing lorem vitae mattis', '522', 0, 3),
(244, 'convallis eget eleifend luctus', 'ac nibh fusce lacus purus aliquet at feugiat non pretium quis lectus suspendisse potenti in eleifend quam a odio in hac habitasse platea dictumst maecenas', '9195', 1, 5),
(245, 'non', 'integer ac leo pellentesque ultrices mattis odio donec vitae nisi nam ultrices libero non mattis pulvinar nulla pede ullamcorper augue a suscipit nulla elit ac nulla sed vel enim sit amet nunc viverra dapibus nulla suscipit ligula in lacus curabitur at ipsum ac tellus semper interdum mauris ullamcorper purus', '1117', 0, 8),
(246, 'cras', 'id justo sit amet sapien dignissim vestibulum vestibulum ante ipsum primis in faucibus orci luctus et ultrices posuere cubilia curae nulla dapibus dolor vel est donec odio justo sollicitudin ut suscipit a feugiat', '5272', 0, 7),
(247, 'lacinia sapien quis libero', 'massa donec dapibus duis at velit eu est congue elementum in hac habitasse platea dictumst morbi vestibulum velit id pretium iaculis diam erat fermentum justo nec condimentum neque sapien placerat ante nulla justo aliquam quis turpis eget elit sodales scelerisque', '5580', 1, 1),
(248, 'pede venenatis', 'magna vestibulum aliquet ultrices erat tortor sollicitudin mi sit amet lobortis sapien sapien non mi integer ac neque duis bibendum morbi non quam nec dui luctus rutrum nulla tellus in sagittis dui vel nisl duis ac', '4432', 0, 5),
(249, 'lectus in est', 'aliquam quis turpis eget elit sodales scelerisque mauris sit amet eros suspendisse accumsan tortor quis turpis sed ante vivamus tortor duis mattis egestas metus aenean fermentum donec ut mauris eget massa tempor convallis nulla neque libero convallis eget eleifend luctus', '8637', 0, 7),
(250, 'pretium iaculis justo in', 'libero non mattis pulvinar nulla pede ullamcorper augue a suscipit nulla elit ac nulla sed vel', '3740', 1, 8),
(251, 'vestibulum', 'vel nisl duis ac nibh fusce lacus purus aliquet at feugiat non pretium quis lectus suspendisse potenti in eleifend quam a odio in hac habitasse platea dictumst maecenas ut massa quis augue luctus tincidunt nulla mollis molestie lorem quisque ut erat curabitur gravida nisi at nibh in', '2220', 1, 9),
(252, 'viverra', 'cras in purus eu magna vulputate luctus cum sociis natoque penatibus et magnis dis', '1006', 0, 1),
(253, 'tincidunt in leo', 'vel accumsan tellus nisi eu orci mauris lacinia sapien quis libero nullam sit amet turpis elementum ligula vehicula consequat morbi a ipsum integer a nibh in quis justo maecenas rhoncus aliquam lacus morbi quis tortor id nulla ultrices aliquet maecenas leo odio condimentum id luctus nec molestie', '2051', 0, 10),
(254, 'feugiat non pretium quis lectus', 'erat id mauris vulputate elementum nullam varius nulla facilisi cras non velit nec nisi vulputate nonummy maecenas tincidunt lacus at velit vivamus vel nulla eget eros elementum pellentesque quisque porta volutpat erat quisque erat eros viverra eget congue', '4166', 1, 10),
(255, 'turpis enim blandit mi', NULL, '6632', 1, 1),
(256, 'donec dapibus duis at velit', 'est quam pharetra magna ac consequat metus sapien ut nunc vestibulum ante ipsum primis in faucibus orci luctus et ultrices posuere cubilia curae mauris viverra diam', '9993', 1, 10),
(257, 'aenean lectus pellentesque eget', 'massa quis augue luctus tincidunt nulla mollis molestie lorem quisque ut erat curabitur gravida nisi at nibh in hac habitasse platea dictumst aliquam augue quam sollicitudin vitae consectetuer eget rutrum at lorem integer tincidunt ante vel ipsum praesent blandit lacinia erat', '4254', 1, 4),
(258, 'cursus', NULL, '8868', 1, 6),
(259, 'montes nascetur ridiculus mus', 'etiam pretium iaculis justo in hac habitasse platea dictumst etiam faucibus cursus urna ut tellus nulla ut erat', '5268', 1, 10),
(260, 'odio elementum eu interdum', NULL, '9680', 0, 1),
(261, 'massa tempor convallis nulla', 'et magnis dis parturient montes nascetur ridiculus mus vivamus vestibulum sagittis sapien cum sociis natoque penatibus et magnis dis parturient montes nascetur ridiculus mus etiam vel augue vestibulum rutrum rutrum neque aenean auctor gravida sem praesent id massa', '5648', 1, 10),
(262, 'eget massa tempor convallis', 'accumsan felis ut at dolor quis odio consequat varius integer ac leo pellentesque ultrices mattis odio donec vitae nisi nam ultrices libero non mattis pulvinar nulla pede ullamcorper augue a suscipit nulla elit ac nulla sed vel enim sit', '1319', 0, 7),
(263, 'arcu libero', 'nec euismod scelerisque quam turpis adipiscing lorem vitae mattis nibh ligula nec sem duis aliquam convallis nunc proin at', '2812', 0, 2);
INSERT INTO `book` (`id`, `title`, `description`, `price`, `is_active`, `style_id`) VALUES
(264, 'condimentum curabitur in libero ut', 'aliquam lacus morbi quis tortor id nulla ultrices aliquet maecenas leo odio condimentum id luctus nec molestie sed justo pellentesque viverra pede ac diam cras pellentesque volutpat dui maecenas tristique est', '6061', 0, 6),
(265, 'tristique', 'quam nec dui luctus rutrum nulla tellus in sagittis dui vel', '3959', 1, 10),
(266, 'quam turpis adipiscing lorem', 'nam congue risus semper porta volutpat quam pede lobortis ligula sit amet eleifend pede libero quis orci nullam molestie nibh in lectus pellentesque', '9104', 1, 7),
(267, 'augue', 'pellentesque eget nunc donec quis orci eget orci vehicula condimentum curabitur in libero ut massa volutpat convallis morbi odio odio elementum eu interdum eu tincidunt in leo maecenas pulvinar lobortis est phasellus sit amet erat nulla tempus vivamus in felis eu sapien cursus vestibulum', '2116', 0, 6),
(268, 'nec nisi vulputate', 'augue vestibulum ante ipsum primis in faucibus orci luctus et ultrices posuere cubilia curae donec pharetra magna vestibulum aliquet ultrices erat tortor sollicitudin mi sit amet lobortis sapien sapien non mi integer ac', '9825', 1, 9),
(269, 'lacus curabitur at ipsum ac', 'nulla pede ullamcorper augue a suscipit nulla elit ac nulla sed vel enim sit amet nunc viverra dapibus nulla suscipit ligula in lacus curabitur at ipsum ac tellus semper interdum mauris ullamcorper purus sit amet nulla quisque arcu libero rutrum ac lobortis vel dapibus', '2168', 0, 2),
(270, 'nulla facilisi', NULL, '2278', 0, 7),
(271, 'turpis', 'ultrices posuere cubilia curae donec pharetra magna vestibulum aliquet ultrices erat tortor sollicitudin mi sit amet lobortis sapien sapien non mi integer ac neque duis bibendum morbi non quam nec dui luctus rutrum', '8075', 0, 8),
(272, 'dapibus', 'lacinia aenean sit amet justo morbi ut odio cras mi pede malesuada in imperdiet et commodo vulputate justo in blandit ultrices enim lorem ipsum dolor sit amet consectetuer adipiscing elit proin interdum mauris non ligula', '2797', 0, 7),
(273, 'quis', NULL, '4987', 0, 9),
(274, 'in hac habitasse platea', 'nibh in quis justo maecenas rhoncus aliquam lacus morbi quis tortor id nulla ultrices aliquet maecenas leo odio condimentum id luctus nec molestie', '7987', 0, 2),
(275, 'vivamus metus arcu', 'congue diam id ornare imperdiet sapien urna pretium nisl ut volutpat sapien arcu sed augue aliquam', '636', 0, 8),
(276, 'proin eu mi nulla', 'mattis pulvinar nulla pede ullamcorper augue a suscipit nulla elit ac nulla sed vel enim sit amet nunc viverra dapibus nulla suscipit', '3520', 0, 3),
(277, 'libero quis orci', NULL, '7484', 1, 8),
(278, 'ipsum', 'elit ac nulla sed vel enim sit amet nunc viverra dapibus nulla suscipit ligula in lacus curabitur at ipsum ac tellus semper interdum mauris ullamcorper purus sit', '6760', 1, 1),
(279, 'sed interdum venenatis turpis enim', 'justo etiam pretium iaculis justo in hac habitasse platea dictumst etiam faucibus cursus urna ut tellus nulla ut erat id mauris vulputate elementum nullam varius nulla facilisi cras non velit nec nisi vulputate nonummy maecenas tincidunt lacus at velit vivamus vel nulla eget eros elementum pellentesque quisque porta volutpat', '4195', 1, 10),
(280, 'potenti in eleifend quam a', 'nunc donec quis orci eget orci vehicula condimentum curabitur in libero ut massa volutpat convallis morbi odio odio elementum eu interdum eu', '7091', 1, 9),
(281, 'a ipsum integer', NULL, '1064', 1, 4),
(282, 'maecenas tincidunt', 'odio condimentum id luctus nec molestie sed justo pellentesque viverra pede ac diam cras pellentesque volutpat dui', '5005', 0, 5),
(283, 'est quam pharetra magna ac', NULL, '3497', 0, 4),
(284, 'integer', 'vestibulum sit amet cursus id turpis integer aliquet massa id lobortis convallis tortor risus dapibus augue vel accumsan tellus nisi eu orci mauris lacinia sapien', '9270', 0, 5),
(285, 'sed vestibulum', 'orci luctus et ultrices posuere cubilia curae mauris viverra diam vitae quam suspendisse potenti nullam porttitor lacus at turpis donec posuere metus vitae ipsum aliquam non mauris morbi non lectus', '4734', 0, 2),
(286, 'maecenas rhoncus aliquam', NULL, '3146', 1, 2),
(287, 'nam', 'nulla facilisi cras non velit nec nisi vulputate nonummy maecenas tincidunt lacus at velit vivamus vel nulla eget eros elementum pellentesque quisque porta volutpat erat quisque erat eros viverra eget congue eget semper rutrum nulla nunc', '8134', 0, 6),
(288, 'nisl venenatis lacinia', 'mattis egestas metus aenean fermentum donec ut mauris eget massa tempor convallis nulla neque libero convallis eget eleifend', '2401', 1, 4),
(289, 'consequat dui nec nisi volutpat', NULL, '4855', 0, 1),
(290, 'ante ipsum', 'interdum in ante vestibulum ante ipsum primis in faucibus orci luctus et ultrices posuere cubilia curae duis faucibus accumsan odio curabitur convallis duis consequat dui nec nisi volutpat eleifend donec ut', '8556', 1, 1),
(291, 'quam suspendisse potenti nullam', 'at vulputate vitae nisl aenean lectus pellentesque eget nunc donec quis orci eget orci vehicula condimentum curabitur in libero ut massa volutpat', '5663', 0, 10),
(292, 'varius integer', 'duis bibendum felis sed interdum venenatis turpis enim blandit mi in porttitor pede justo eu massa donec dapibus duis at velit eu est congue elementum in hac habitasse', '1308', 1, 3),
(293, 'tincidunt nulla mollis', NULL, '3543', 0, 7),
(294, 'vestibulum ante ipsum primis in', 'augue vel accumsan tellus nisi eu orci mauris lacinia sapien quis libero nullam sit amet turpis elementum ligula vehicula consequat morbi a ipsum integer', '8058', 0, 7),
(295, 'sit amet diam in', 'vestibulum ante ipsum primis in faucibus orci luctus et ultrices posuere cubilia curae mauris viverra diam vitae quam suspendisse potenti nullam porttitor lacus at', '5444', 0, 5),
(296, 'pellentesque viverra pede', 'faucibus orci luctus et ultrices posuere cubilia curae mauris viverra diam vitae quam suspendisse potenti nullam', '3565', 1, 1),
(297, 'potenti in eleifend quam', 'tristique est et tempus semper est quam pharetra magna ac consequat metus sapien ut nunc vestibulum ante ipsum primis in faucibus orci luctus et ultrices posuere cubilia curae mauris viverra', '4919', 0, 8),
(298, 'duis', 'at velit eu est congue elementum in hac habitasse platea dictumst morbi vestibulum velit id pretium iaculis diam erat fermentum justo nec condimentum neque sapien placerat ante nulla justo aliquam quis turpis eget elit sodales scelerisque mauris sit amet eros suspendisse accumsan tortor', '5933', 0, 6),
(299, 'dignissim vestibulum vestibulum', 'quam pede lobortis ligula sit amet eleifend pede libero quis orci nullam molestie nibh in lectus pellentesque at nulla suspendisse potenti cras in purus eu magna vulputate luctus', '3099', 0, 6),
(300, 'sit', 'lectus pellentesque eget nunc donec quis orci eget orci vehicula condimentum curabitur in libero ut massa volutpat convallis morbi odio odio elementum eu interdum eu tincidunt in leo maecenas pulvinar lobortis est phasellus sit amet erat nulla', '6340', 0, 8);

-- --------------------------------------------------------

--
-- Структура таблицы `book_author`
--
-- Создание: Ноя 06 2016 г., 15:06
--

DROP TABLE IF EXISTS `book_author`;
CREATE TABLE IF NOT EXISTS `book_author` (
  `book_id` int(10) unsigned NOT NULL,
  `author_id` int(10) unsigned NOT NULL
) ENGINE=InnoDB DEFAULT CHARSET=utf8;

--
-- Дамп данных таблицы `book_author`
--

INSERT INTO `book_author` (`book_id`, `author_id`) VALUES
(12, 1),
(14, 1),
(97, 1),
(98, 1),
(124, 1),
(277, 1),
(15, 2),
(73, 2),
(287, 2),
(167, 3),
(235, 3),
(248, 3),
(7, 4),
(66, 4),
(112, 4),
(294, 4),
(34, 5),
(46, 5),
(67, 5),
(166, 5),
(195, 5),
(220, 5),
(266, 5),
(300, 5),
(131, 6),
(173, 6),
(196, 6),
(249, 6),
(258, 6),
(263, 6),
(52, 7),
(72, 7),
(165, 7),
(231, 7),
(247, 7),
(48, 8),
(59, 8),
(90, 8),
(95, 8),
(126, 8),
(187, 8),
(22, 9),
(60, 9),
(86, 9),
(119, 9),
(130, 9),
(244, 9),
(253, 9),
(207, 10),
(212, 10),
(274, 10),
(287, 10),
(131, 11),
(158, 11),
(187, 11),
(209, 11),
(217, 11),
(14, 12),
(72, 12),
(78, 12),
(100, 13),
(257, 13),
(279, 13),
(17, 14),
(76, 14),
(132, 14),
(175, 14),
(226, 14),
(5, 15),
(137, 15),
(240, 15),
(297, 15),
(54, 16),
(146, 16),
(154, 16),
(184, 17),
(54, 18),
(103, 18),
(175, 18),
(244, 18),
(38, 19),
(112, 19),
(251, 19),
(1, 20),
(87, 20),
(170, 20),
(191, 20),
(219, 20),
(232, 20),
(28, 21),
(104, 21),
(147, 21),
(179, 21),
(258, 21),
(2, 22),
(8, 22),
(143, 22),
(166, 22),
(72, 23),
(105, 23),
(126, 23),
(225, 23),
(298, 23),
(299, 23),
(128, 24),
(180, 24),
(191, 24),
(22, 25),
(136, 25),
(171, 25),
(176, 25),
(226, 25),
(21, 26),
(62, 26),
(79, 26),
(164, 26),
(275, 26),
(45, 27),
(64, 27),
(256, 27),
(277, 27),
(283, 27),
(22, 28),
(271, 28),
(272, 28),
(2, 29),
(37, 29),
(125, 29),
(44, 30),
(47, 30),
(131, 30),
(184, 30),
(271, 30),
(97, 31),
(110, 31),
(222, 31),
(288, 31),
(41, 32),
(59, 32),
(136, 32),
(156, 32),
(52, 33),
(73, 33),
(74, 33),
(261, 33),
(38, 34),
(84, 34),
(241, 34),
(10, 35),
(70, 35),
(109, 35),
(221, 35),
(299, 35),
(64, 36),
(131, 36),
(202, 36),
(289, 36),
(29, 37),
(135, 38),
(148, 38),
(152, 38),
(260, 38),
(29, 39),
(46, 39),
(68, 39),
(223, 39),
(276, 39),
(278, 39),
(220, 40),
(57, 41),
(60, 41),
(128, 41),
(155, 41),
(245, 41),
(290, 41),
(6, 42),
(58, 42),
(104, 42),
(195, 42),
(220, 42),
(231, 42),
(235, 42),
(270, 42),
(274, 42),
(278, 42),
(14, 43),
(36, 43),
(46, 43),
(55, 43),
(65, 43),
(83, 43),
(17, 44),
(19, 44),
(20, 44),
(101, 44),
(291, 44),
(63, 45),
(200, 45),
(203, 45),
(248, 45),
(53, 46),
(107, 46),
(180, 46),
(198, 46),
(284, 46),
(291, 46),
(10, 47),
(42, 47),
(272, 47),
(127, 48),
(192, 48),
(3, 49),
(42, 49),
(113, 49),
(141, 49),
(48, 50),
(122, 50),
(265, 50),
(281, 50),
(226, 51),
(245, 51),
(286, 51),
(6, 52),
(91, 52),
(95, 52),
(98, 52),
(102, 52),
(198, 52),
(222, 52),
(14, 53),
(160, 53),
(180, 53),
(241, 53),
(250, 53),
(5, 54),
(10, 54),
(15, 54),
(22, 54),
(23, 54),
(156, 54),
(191, 54),
(254, 54),
(259, 54),
(294, 54),
(299, 54),
(3, 55),
(18, 55),
(63, 55),
(76, 55),
(173, 55),
(225, 55),
(65, 56),
(156, 56),
(222, 56),
(141, 57),
(164, 57),
(84, 58),
(32, 59),
(68, 59),
(109, 59),
(113, 59),
(131, 59),
(154, 59),
(236, 59),
(237, 59),
(38, 60),
(237, 60),
(265, 60),
(1, 61),
(20, 61),
(35, 61),
(52, 61),
(72, 61),
(200, 61),
(34, 62),
(38, 62),
(127, 62),
(144, 62),
(205, 62),
(49, 63),
(118, 63),
(187, 63),
(227, 63),
(48, 64),
(104, 64),
(194, 64),
(250, 64),
(42, 65),
(200, 65),
(19, 66),
(26, 66),
(62, 66),
(152, 66),
(220, 66),
(278, 66),
(295, 66),
(2, 67),
(10, 67),
(16, 67),
(194, 67),
(233, 67),
(68, 68),
(199, 68),
(70, 69),
(93, 69),
(130, 69),
(198, 69),
(211, 69),
(255, 69),
(290, 69),
(35, 70),
(46, 70),
(116, 70),
(225, 70),
(239, 70),
(291, 70),
(297, 70),
(66, 71),
(254, 71),
(10, 72),
(52, 72),
(109, 72),
(130, 72),
(8, 73),
(6, 74),
(52, 74),
(77, 74),
(100, 74),
(235, 74),
(289, 74),
(294, 74),
(9, 75),
(96, 75),
(144, 75),
(189, 75),
(217, 75),
(222, 75),
(230, 75),
(243, 75),
(267, 75),
(287, 75),
(14, 76),
(180, 76),
(207, 76),
(244, 76),
(252, 76),
(51, 77),
(138, 77),
(192, 77),
(61, 78),
(144, 78),
(184, 78),
(231, 78),
(275, 78),
(40, 79),
(59, 79),
(110, 79),
(273, 79),
(297, 79),
(21, 80),
(251, 80),
(264, 80),
(289, 80),
(125, 81),
(173, 81),
(181, 81),
(255, 81),
(299, 81),
(103, 82),
(116, 82),
(151, 82),
(222, 82),
(254, 82),
(58, 83),
(120, 83),
(169, 83),
(192, 83),
(273, 83),
(192, 84),
(236, 84),
(89, 85),
(129, 85),
(174, 85),
(54, 86),
(93, 86),
(136, 86),
(282, 86),
(286, 86),
(208, 87),
(233, 87),
(243, 87),
(275, 87),
(282, 87),
(8, 88),
(33, 88),
(78, 88),
(96, 88),
(137, 88),
(144, 88),
(160, 88),
(234, 88),
(244, 88),
(28, 89),
(83, 89),
(204, 89),
(213, 89),
(23, 90),
(137, 90),
(151, 90),
(188, 90),
(251, 90),
(284, 90),
(3, 91),
(74, 91),
(181, 91),
(36, 92),
(49, 92),
(121, 92),
(125, 92),
(182, 92),
(145, 93),
(166, 93),
(290, 93),
(16, 94),
(29, 94),
(62, 94),
(180, 94),
(268, 94),
(117, 95),
(123, 95),
(175, 95),
(176, 95),
(106, 96),
(130, 96),
(152, 96),
(159, 96),
(216, 96),
(220, 96),
(17, 97),
(21, 97),
(33, 97),
(108, 97),
(78, 98),
(145, 98),
(49, 99),
(82, 99),
(212, 99),
(269, 99),
(288, 99),
(296, 99),
(201, 100),
(223, 100),
(258, 100),
(263, 100),
(266, 100);

-- --------------------------------------------------------

--
-- Структура таблицы `style`
--
-- Создание: Ноя 06 2016 г., 14:23
--

DROP TABLE IF EXISTS `style`;
CREATE TABLE IF NOT EXISTS `style` (
  `id` tinyint(3) unsigned NOT NULL,
  `name` varchar(30) NOT NULL
) ENGINE=InnoDB AUTO_INCREMENT=12 DEFAULT CHARSET=utf8;

--
-- Дамп данных таблицы `style`
--

INSERT INTO `style` (`id`, `name`) VALUES
(1, 'Novel'),
(2, 'Lorem'),
(3, 'Triller'),
(4, 'Feugiat'),
(5, 'Pellentesque'),
(6, 'Nam'),
(7, 'Horr'),
(8, 'Sem'),
(9, 'Eros'),
(10, 'Enim'),
(11, 'Other');

--
-- Индексы сохранённых таблиц
--

--
-- Индексы таблицы `author`
--
ALTER TABLE `author`
  ADD PRIMARY KEY (`id`);

--
-- Индексы таблицы `book`
--
ALTER TABLE `book`
  ADD PRIMARY KEY (`id`),
  ADD KEY `style_id` (`style_id`);

--
-- Индексы таблицы `book_author`
--
ALTER TABLE `book_author`
  ADD PRIMARY KEY (`book_id`,`author_id`),
  ADD KEY `author_id` (`author_id`);

--
-- Индексы таблицы `style`
--
ALTER TABLE `style`
  ADD PRIMARY KEY (`id`);

--
-- AUTO_INCREMENT для сохранённых таблиц
--

--
-- AUTO_INCREMENT для таблицы `author`
--
ALTER TABLE `author`
  MODIFY `id` int(10) unsigned NOT NULL AUTO_INCREMENT,AUTO_INCREMENT=101;
--
-- AUTO_INCREMENT для таблицы `book`
--
ALTER TABLE `book`
  MODIFY `id` int(10) unsigned NOT NULL AUTO_INCREMENT,AUTO_INCREMENT=301;
--
-- AUTO_INCREMENT для таблицы `style`
--
ALTER TABLE `style`
  MODIFY `id` tinyint(3) unsigned NOT NULL AUTO_INCREMENT,AUTO_INCREMENT=12;
--
-- Ограничения внешнего ключа сохраненных таблиц
--

--
-- Ограничения внешнего ключа таблицы `book`
--
ALTER TABLE `book`
  ADD CONSTRAINT `book_ibfk_1` FOREIGN KEY (`style_id`) REFERENCES `style` (`id`) ON DELETE SET NULL ON UPDATE CASCADE;

--
-- Ограничения внешнего ключа таблицы `book_author`
--
ALTER TABLE `book_author`
  ADD CONSTRAINT `book_author_ibfk_2` FOREIGN KEY (`author_id`) REFERENCES `author` (`id`) ON DELETE CASCADE ON UPDATE CASCADE,
  ADD CONSTRAINT `book_author_ibfk_1` FOREIGN KEY (`book_id`) REFERENCES `book` (`id`) ON DELETE CASCADE ON UPDATE CASCADE;

/*!40101 SET CHARACTER_SET_CLIENT=@OLD_CHARACTER_SET_CLIENT */;
/*!40101 SET CHARACTER_SET_RESULTS=@OLD_CHARACTER_SET_RESULTS */;
/*!40101 SET COLLATION_CONNECTION=@OLD_COLLATION_CONNECTION */;
